125000_R..N78X003,R,N,1R 2050 95S/ROS,R..N78X003,125000_R..N78X003 2025-03-18,2025-03-18,True,2025-03-18 20:50:00,STOPPED_AT,G14N,30,None,True,False,2025-03-18 21:55:50
124000_R..N78R,R,N,1R 2040 95S/QPL,R..N78R,124000_R..N78R 2025-03-18,2025-03-18,True,2025-03-18 20:40:00,STOPPED_AT,G21N,34,None,True,False,2025-03-18 21:54:10
125800_R..N78X003,R,N,1R 2058 95S/ROS,R..N78X003,125800_R..N78X003 2025-03-18,2025-03-18,True,2025-03-18 20:58:00,STOPPED_AT,G14N,30,None,True,False,2025-03-18 22:13:03
126800_R..N78X003,R,N,1R 2108 95S/ROS,R..N78X003,126800_R..N78X003 2025-03-18,2025-03-18,True,2025-03-18 21:08:00,STOPPED_AT,G14N,30,None,True,False,2025-03-18 22:25:35
128450_R..N78X003,R,N,1R 2124+ 95S/ROS,R..N78X003,128450_R..N78X003 2025-03-18,2025-03-18,True,2025-03-18 21:24:30,STOPPED_AT,G14N,30,None,True,False,2025-03-18 22:36:53
129650_R..N78X003,R,N,1R 2136+ 95S/ROS,R..N78X003,129650_R..N78X003 2025-03-18,2025-03-18,True,2025-03-18 21:36:30,STOPPED_AT,G14N,30,None,True,False,2025-03-18 22:58:57
130900_R..N78X003,R,N,1R 2149 95S/ROS,R..N78X003,130900_R..N78X003 2025-03-18,2025-03-18,True,2025-03-18 21:49:00,STOPPED_AT,G14N,30,None,True,False,2025-03-18 23:07:11
132300_R..N78X003,R,N,1R 2203 95S/ROS,R..N78X003,132300_R..N78X003 2025-03-18,2025-03-18,True,2025-03-18 22:03:00,STOPPED_AT,G14N,30,None,True,False,2025-03-18 23:16:45
133200_R..S92X004,R,S,1R 2212 CTL/95S,R..S92X004,133200_R..S92X004 2025-03-18,2025-03-18,True,2025-03-18 22:12:00,STOPPED_AT,R43S,35,Bay Ridge-95 St,True,False,2025-03-18 23:35:50
133550_R..N78X003,R,N,1R 2215+ 95S/ROS,R..N78X003,133550_R..N78X003 2025-03-18,2025-03-18,True,2025-03-18 22:15:30,STOPPED_AT,G14N,30,None,True,False,2025-03-18 23:23:21
134100_R..S92X004,R,S,1R 2221 CTL/95S,R..S92X004,134100_R..S92X004 2025-03-18,2025-03-18,True,2025-03-18 22:21:00,STOPPED_AT,R36S,30,Bay Ridge-95 St,True,False,2025-03-18 23:35:50
134650_R..N78X003,R,N,1R 2226+ 95S/ROS,R..N78X003,134650_R..N78X003 2025-03-18,2025-03-18,True,2025-03-18 22:26:30,STOPPED_AT,F09N,24,Jackson Hts-Roosevelt Av,True,False,2025-03-18 23:35:50
135200_R..S92X004,R,S,1R 2232 CTL/95S,R..S92X004,135200_R..S92X004 2025-03-18,2025-03-18,True,2025-03-18 22:32:00,STOPPED_AT,R31S,25,Bay Ridge-95 St,True,False,2025-03-18 23:35:50
136300_R..N78X003,R,N,1R 2243 95S/ROS,R..N78X003,136300_R..N78X003 2025-03-18,2025-03-18,True,2025-03-18 22:43:00,STOPPED_AT,D16N,20,Jackson Hts-Roosevelt Av,True,False,2025-03-18 23:35:50
137700_R..N78X003,R,N,1R 2257 95S/ROS,R..N78X003,137700_R..N78X003 2025-03-18,2025-03-18,True,2025-03-18 22:57:00,STOPPED_AT,D21N,15,Jackson Hts-Roosevelt Av,True,False,2025-03-18 23:35:50
136500_R..S92X004,R,S,1R 2245 CTL/95S,R..S92X004,136500_R..S92X004 2025-03-18,2025-03-18,True,2025-03-18 22:45:00,STOPPED_AT,D19S,20,Bay Ridge-95 St,True,False,2025-03-18 23:35:45
140550_R..N41R,R,N,1R 2325+ 95S/PAC,R..N41R,140550_R..N41R 2025-03-18,2025-03-18,True,2025-03-18 23:25:30,STOPPED_AT,R39N,6,Atlantic Av-Barclays Ctr,True,False,2025-03-18 23:35:50
134650_R..N78X003,R,N,1R 2226+ 95S/ROS,R..N78X003,134650_R..N78X003 2025-03-18,2025-03-18,True,2025-03-18 22:26:30,STOPPED_AT,G21N,25,Jackson Hts-Roosevelt Av,True,False,2025-03-18 23:36:00
134100_R..S92X004,R,S,1R 2221 CTL/95S,R..S92X004,134100_R..S92X004 2025-03-18,2025-03-18,True,2025-03-18 22:21:00,STOPPED_AT,R39S,31,Bay Ridge-95 St,True,False,2025-03-18 23:37:02
136500_R..S92X004,R,S,1R 2245 CTL/95S,R..S92X004,136500_R..S92X004 2025-03-18,2025-03-18,True,2025-03-18 22:45:00,STOPPED_AT,D20S,21,Bay Ridge-95 St,True,False,2025-03-18 23:37:01
136300_R..N78X003,R,N,1R 2243 95S/ROS,R..N78X003,136300_R..N78X003 2025-03-18,2025-03-18,True,2025-03-18 22:43:00,STOPPED_AT,D15N,21,Jackson Hts-Roosevelt Av,True,False,2025-03-18 23:37:16
133200_R..S92X004,R,S,1R 2212 CTL/95S,R..S92X004,133200_R..S92X004 2025-03-18,2025-03-18,True,2025-03-18 22:12:00,STOPPED_AT,R44S,36,Bay Ridge-95 St,True,False,2025-03-18 23:37:25
137700_R..N78X003,R,N,1R 2257 95S/ROS,R..N78X003,137700_R..N78X003 2025-03-18,2025-03-18,True,2025-03-18 22:57:00,STOPPED_AT,D20N,16,Jackson Hts-Roosevelt Av,True,False,2025-03-18 23:37:25
140550_R..N41R,R,N,1R 2325+ 95S/PAC,R..N41R,140550_R..N41R 2025-03-18,2025-03-18,True,2025-03-18 23:25:30,STOPPED_AT,R36N,7,Atlantic Av-Barclays Ctr,True,False,2025-03-18 23:37:39
135200_R..S92X004,R,S,1R 2232 CTL/95S,R..S92X004,135200_R..S92X004 2025-03-18,2025-03-18,True,2025-03-18 22:32:00,STOPPED_AT,R32S,26,Bay Ridge-95 St,True,False,2025-03-18 23:38:15
136300_R..N78X003,R,N,1R 2243 95S/ROS,R..N78X003,136300_R..N78X003 2025-03-18,2025-03-18,True,2025-03-18 22:43:00,STOPPED_AT,F12N,22,Jackson Hts-Roosevelt Av,True,False,2025-03-18 23:39:27
136500_R..S92X004,R,S,1R 2245 CTL/95S,R..S92X004,136500_R..S92X004 2025-03-18,2025-03-18,True,2025-03-18 22:45:00,STOPPED_AT,D21S,22,Bay Ridge-95 St,True,False,2025-03-18 23:39:39
133200_R..S92X004,R,S,1R 2212 CTL/95S,R..S92X004,133200_R..S92X004 2025-03-18,2025-03-18,True,2025-03-18 22:12:00,STOPPED_AT,R45S,37,Bay Ridge-95 St,True,False,2025-03-18 23:39:40
134100_R..S92X004,R,S,1R 2221 CTL/95S,R..S92X004,134100_R..S92X004 2025-03-18,2025-03-18,True,2025-03-18 22:21:00,STOPPED_AT,R40S,32,Bay Ridge-95 St,True,False,2025-03-18 23:39:50
135200_R..S92X004,R,S,1R 2232 CTL/95S,R..S92X004,135200_R..S92X004 2025-03-18,2025-03-18,True,2025-03-18 22:32:00,STOPPED_AT,R33S,27,Bay Ridge-95 St,True,False,2025-03-18 23:39:50
133200_R..S92X004,R,S,1R 2212 CTL/95S,R..S92X004,133200_R..S92X004 2025-03-18,2025-03-18,True,2025-03-18 22:12:00,STOPPED_AT,R45S,37,None,True,False,2025-03-18 23:39:40
135200_R..S92X004,R,S,1R 2232 CTL/95S,R..S92X004,135200_R..S92X004 2025-03-18,2025-03-18,True,2025-03-18 22:32:00,STOPPED_AT,R34S,28,Bay Ridge-95 St,True,False,2025-03-18 23:40:35
137700_R..N78X003,R,N,1R 2257 95S/ROS,R..N78X003,137700_R..N78X003 2025-03-18,2025-03-18,True,2025-03-18 22:57:00,STOPPED_AT,D19N,17,Jackson Hts-Roosevelt Av,True,False,2025-03-18 23:41:00
136300_R..N78X003,R,N,1R 2243 95S/ROS,R..N78X003,136300_R..N78X003 2025-03-18,2025-03-18,True,2025-03-18 22:43:00,STOPPED_AT,F11N,23,Jackson Hts-Roosevelt Av,True,False,2025-03-18 23:41:15
134100_R..S92X004,R,S,1R 2221 CTL/95S,R..S92X004,134100_R..S92X004 2025-03-18,2025-03-18,True,2025-03-18 22:21:00,STOPPED_AT,R41S,33,Bay Ridge-95 St,True,False,2025-03-18 23:41:25
137700_R..N78X003,R,N,1R 2257 95S/ROS,R..N78X003,137700_R..N78X003 2025-03-18,2025-03-18,True,2025-03-18 22:57:00,STOPPED_AT,D18N,18,Jackson Hts-Roosevelt Av,True,False,2025-03-18 23:42:16
142350_R..N41R,R,N,1R 2343+ 95S/PAC,R..N41R,142350_R..N41R 2025-03-18,2025-03-18,False,2025-03-18 23:43:30,IN_TRANSIT_TO,R45N,0,Atlantic Av-Barclays Ctr,True,False,2025-03-18 23:43:30
136500_R..S92X004,R,S,1R 2245 CTL/95S,R..S92X004,136500_R..S92X004 2025-03-18,2025-03-18,True,2025-03-18 22:45:00,STOPPED_AT,D22S,23,Bay Ridge-95 St,True,False,2025-03-18 23:42:40
142350_R..N41R,R,N,1R 2343+ 95S/PAC,R..N41R,142350_R..N41R 2025-03-18,2025-03-18,True,2025-03-18 23:43:30,INCOMING_AT,R45N,0,Atlantic Av-Barclays Ctr,True,False,2025-03-18 23:43:30
142350_R..N41R,R,N,1R 2343+ 95S/PAC,R..N41R,142350_R..N41R 2025-03-18,2025-03-18,True,2025-03-18 23:43:30,STOPPED_AT,R45N,0,Atlantic Av-Barclays Ctr,True,False,2025-03-18 23:43:16
135200_R..S92X004,R,S,1R 2232 CTL/95S,R..S92X004,135200_R..S92X004 2025-03-18,2025-03-18,True,2025-03-18 22:32:00,STOPPED_AT,R35S,29,Bay Ridge-95 St,True,False,2025-03-18 23:43:26
134100_R..S92X004,R,S,1R 2221 CTL/95S,R..S92X004,134100_R..S92X004 2025-03-18,2025-03-18,True,2025-03-18 22:21:00,STOPPED_AT,R42S,34,Bay Ridge-95 St,True,False,2025-03-18 23:43:50
142350_R..N41R,R,N,1R 2343+ 95S/PAC,R..N41R,142350_R..N41R 2025-03-18,2025-03-18,True,2025-03-18 23:43:30,STOPPED_AT,R44N,1,Atlantic Av-Barclays Ctr,True,False,2025-03-18 23:43:50
137700_R..N78X003,R,N,1R 2257 95S/ROS,R..N78X003,137700_R..N78X003 2025-03-18,2025-03-18,True,2025-03-18 22:57:00,STOPPED_AT,D17N,19,Jackson Hts-Roosevelt Av,True,False,2025-03-18 23:44:00
140550_R..N41R,R,N,1R 2325+ 95S/PAC,R..N41R,140550_R..N41R 2025-03-18,2025-03-18,True,2025-03-18 23:25:30,STOPPED_AT,R31N,8,Atlantic Av-Barclays Ctr,True,False,2025-03-18 23:44:20
140550_R..N41R,R,N,1R 2325+ 95S/PAC,R..N41R,140550_R..N41R 2025-03-18,2025-03-18,True,2025-03-18 23:25:30,STOPPED_AT,R31N,8,None,True,False,2025-03-18 23:44:20
134100_R..S92X004,R,S,1R 2221 CTL/95S,R..S92X004,134100_R..S92X004 2025-03-18,2025-03-18,True,2025-03-18 22:21:00,STOPPED_AT,R43S,35,Bay Ridge-95 St,True,False,2025-03-18 23:45:15
142350_R..N41R,R,N,1R 2343+ 95S/PAC,R..N41R,142350_R..N41R 2025-03-18,2025-03-18,True,2025-03-18 23:43:30,STOPPED_AT,R43N,2,Atlantic Av-Barclays Ctr,True,False,2025-03-18 23:45:25
137700_R..N78X003,R,N,1R 2257 95S/ROS,R..N78X003,137700_R..N78X003 2025-03-18,2025-03-18,True,2025-03-18 22:57:00,STOPPED_AT,D16N,20,Jackson Hts-Roosevelt Av,True,False,2025-03-18 23:45:50
125000_R..N78X003,R,N,1R 2050 95S/ROS,R..N78X003,125000_R..N78X003 2025-03-18,2025-03-18,True,2025-03-18 20:50:00,STOPPED_AT,G14N,30,None,True,False,2025-03-18 21:55:50
125800_R..N78X003,R,N,1R 2058 95S/ROS,R..N78X003,125800_R..N78X003 2025-03-18,2025-03-18,True,2025-03-18 20:58:00,STOPPED_AT,G14N,30,None,True,False,2025-03-18 22:13:03
126800_R..N78X003,R,N,1R 2108 95S/ROS,R..N78X003,126800_R..N78X003 2025-03-18,2025-03-18,True,2025-03-18 21:08:00,STOPPED_AT,G14N,30,None,True,False,2025-03-18 22:25:35
128450_R..N78X003,R,N,1R 2124+ 95S/ROS,R..N78X003,128450_R..N78X003 2025-03-18,2025-03-18,True,2025-03-18 21:24:30,STOPPED_AT,G14N,30,None,True,False,2025-03-18 22:36:53
129650_R..N78X003,R,N,1R 2136+ 95S/ROS,R..N78X003,129650_R..N78X003 2025-03-18,2025-03-18,True,2025-03-18 21:36:30,STOPPED_AT,G14N,30,None,True,False,2025-03-18 22:58:57
130900_R..N78X003,R,N,1R 2149 95S/ROS,R..N78X003,130900_R..N78X003 2025-03-18,2025-03-18,True,2025-03-18 21:49:00,STOPPED_AT,G14N,30,None,True,False,2025-03-18 23:07:11
132300_R..N78X003,R,N,1R 2203 95S/ROS,R..N78X003,132300_R..N78X003 2025-03-18,2025-03-18,True,2025-03-18 22:03:00,STOPPED_AT,G14N,30,None,True,False,2025-03-18 23:16:45
133550_R..N78X003,R,N,1R 2215+ 95S/ROS,R..N78X003,133550_R..N78X003 2025-03-18,2025-03-18,True,2025-03-18 22:15:30,STOPPED_AT,G14N,30,None,True,False,2025-03-18 23:23:21
134100_R..S92X004,R,S,1R 2221 CTL/95S,R..S92X004,134100_R..S92X004 2025-03-18,2025-03-18,True,2025-03-18 22:21:00,STOPPED_AT,R43S,35,Bay Ridge-95 St,True,False,2025-03-18 23:46:25
136300_R..N78X003,R,N,1R 2243 95S/ROS,R..N78X003,136300_R..N78X003 2025-03-18,2025-03-18,True,2025-03-18 22:43:00,STOPPED_AT,F11N,23,Jackson Hts-Roosevelt Av,True,False,2025-03-18 23:44:25
135200_R..S92X004,R,S,1R 2232 CTL/95S,R..S92X004,135200_R..S92X004 2025-03-18,2025-03-18,True,2025-03-18 22:32:00,STOPPED_AT,R36S,30,Bay Ridge-95 St,True,False,2025-03-18 23:47:00
136500_R..S92X004,R,S,1R 2245 CTL/95S,R..S92X004,136500_R..S92X004 2025-03-18,2025-03-18,True,2025-03-18 22:45:00,STOPPED_AT,D22S,23,Bay Ridge-95 St,True,False,2025-03-18 23:45:00
140550_R..N41R,R,N,1R 2325+ 95S/PAC,R..N41R,140550_R..N41R 2025-03-18,2025-03-18,True,2025-03-18 23:25:30,STOPPED_AT,R31N,8,None,True,False,2025-03-18 23:44:20
137700_R..N78X003,R,N,1R 2257 95S/ROS,R..N78X003,137700_R..N78X003 2025-03-18,2025-03-18,True,2025-03-18 22:57:00,STOPPED_AT,D16N,20,Jackson Hts-Roosevelt Av,True,False,2025-03-18 23:47:00
142350_R..N41R,R,N,1R 2343+ 95S/PAC,R..N41R,142350_R..N41R 2025-03-18,2025-03-18,True,2025-03-18 23:43:30,STOPPED_AT,R43N,2,Atlantic Av-Barclays Ctr,True,False,2025-03-18 23:47:00
